lon,lat,time
127.100000,32.000000,2016-05-24T00:00:00
127.100000,32.130435,2016-05-24T00:01:00
127.100000,32.260870,2016-05-24T00:02:00
127.100000,32.391304,2016-05-24T00:03:00
127.100000,32.521739,2016-05-24T00:04:00
127.100000,32.652174,2016-05-24T00:05:00
127.100000,32.782609,2016-05-24T00:06:00
127.100000,32.913043,2016-05-24T00:07:00
127.100000,33.043478,2016-05-24T00:08:00
127.100000,33.173913,2016-05-24T00:09:00
127.100000,33.304348,2016-05-24T00:10:00
127.100000,33.434783,2016-05-24T00:11:00
127.100000,33.565217,2016-05-24T00:12:00
127.100000,33.695652,2016-05-24T00:13:00
127.100000,33.826087,2016-05-24T00:14:00
127.100000,33.956522,2016-05-24T00:15:00
127.100000,34.086957,2016-05-24T00:16:00
127.100000,34.217391,2016-05-24T00:17:00
127.100000,34.347826,2016-05-24T00:18:00
127.100000,34.478261,2016-05-24T00:19:00
127.100000,34.608696,2016-05-24T00:20:00
127.100000,34.739130,2016-05-24T00:21:00
127.100000,34.869565,2016-05-24T00:22:00
127.100000,35.000000,2016-05-24T00:23:00
127.100000,35.130435,2016-05-24T00:24:00
127.100000,35.260870,2016-05-24T00:25:00
127.100000,35.391304,2016-05-24T00:26:00
127.100000,35.521739,2016-05-24T00:27:00
127.100000,35.652174,2016-05-24T00:28:00
127.100000,35.782609,2016-05-24T00:29:00
127.100000,35.913043,2016-05-24T00:30:00
127.100000,36.043478,2016-05-24T00:31:00
127.100000,36.173913,2016-05-24T00:32:00
127.100000,36.304348,2016-05-24T00:33:00
127.100000,36.434783,2016-05-24T00:34:00
127.100000,36.565217,2016-05-24T00:35:00
127.100000,36.695652,2016-05-24T00:36:00
127.100000,36.826087,2016-05-24T00:37:00
127.100000,36.956522,2016-05-24T00:38:00
127.100000,37.086957,2016-05-24T00:39:00
127.100000,37.217391,2016-05-24T00:40:00
127.100000,37.347826,2016-05-24T00:41:00
127.100000,37.478261,2016-05-24T00:42:00
127.100000,37.608696,2016-05-24T00:43:00
127.100000,37.739130,2016-05-24T00:44:00
127.100000,37.869565,2016-05-24T00:45:00
127.100000,38.000000,2016-05-24T00:46:00
