date,orbit,filename,line,column,uvai,mpl_z1,sd_mpl_z1,mpl_n1,mpl_z2,sd_mpl_z2,mpl_n2
2021-01-07 16:53:10,16774,TROPOMI-Sentinel-5P_L2-TROPOMAER_2021m0107t163137-o16774_v01-2021m1205t231646.nc, 3333,  85, 1.07, 1.31, 0.27,120, 1.01, 0.50, 47
2021-01-09 17:56:42,16803,TROPOMI-Sentinel-5P_L2-TROPOMAER_2021m0109t173508-o16803_v01-2021m1206t041812.nc, 3269, 384, 1.42, 1.81, 0.34,118, 1.46, 0.69, 34
2021-01-10 17:37:43,16817,TROPOMI-Sentinel-5P_L2-TROPOMAER_2021m0110t171609-o16817_v01-2021m1206t053109.nc, 3273, 309, 0.99, 1.03, 0.32, 83, 1.00, 0.53,  3
2021-01-21 17:32:01,16973,TROPOMI-Sentinel-5P_L2-TROPOMAER_2021m0121t171026-o16973_v01-2021m1206t234302.nc, 3231, 276, 1.04, 0.67, 0.04, 47, 0.63, 0.12, 29
2021-01-22 17:13:03,16987,TROPOMI-Sentinel-5P_L2-TROPOMAER_2021m0122t165128-o16987_v01-2021m1207t014050.nc, 3245, 168, 1.26, 1.40, 0.11, 95, 1.35, 0.32, 22
2021-01-30 16:22:54,17100,TROPOMI-Sentinel-5P_L2-TROPOMAER_2021m0130t160120-o17100_v01-2022m0101t235254.nc, 3289,  13, 1.23, 0.99, 0.35, 88, 0.82, 0.28, 27
2021-01-30 18:04:24,17101,TROPOMI-Sentinel-5P_L2-TROPOMAER_2021m0130t174250-o17101_v01-2022m0101t235048.nc, 3172, 401, 1.53, 0.74, 0.07, 53, 0.73, 0.18, 15
2021-02-04 16:29:41,17171,TROPOMI-Sentinel-5P_L2-TROPOMAER_2021m0204t160806-o17171_v01-2021m1207t183418.nc, 3244,  26, 1.13, 1.68, 0.26,105, 1.68, 0.62,  6
2021-02-21 17:53:51,17413,TROPOMI-Sentinel-5P_L2-TROPOMAER_2021m0221t173216-o17413_v01-2021m1222t232546.nc, 3019, 363, 1.00, 1.10, 0.14,114, 0.91, 0.41, 31
2021-03-02 16:45:03,17540,TROPOMI-Sentinel-5P_L2-TROPOMAER_2021m0302t162329-o17540_v01-2021m1223t154747.nc, 3025,  50, 1.06, 1.61, 0.29,107, 1.13, 0.50, 21
2021-03-03 16:26:08,17554,TROPOMI-Sentinel-5P_L2-TROPOMAER_2021m0303t160434-o17554_v01-2021m1223t182227.nc, 3054,  13, 0.47, 0.95, 0.06, 62, 0.95, 0.31, 25
2021-03-03 18:07:38,17555,TROPOMI-Sentinel-5P_L2-TROPOMAER_2021m0303t174604-o17555_v01-2021m1223t182325.nc, 2937, 401, 0.87, 1.00, 0.11, 59, 1.00, 0.26,  6
2021-03-05 17:29:48,17583,TROPOMI-Sentinel-5P_L2-TROPOMAER_2021m0305t170814-o17583_v01-2021m1223t220241.nc, 2937, 240, 1.12, 1.40, 0.08, 60, 1.40, 0.22,  7
2021-03-08 16:33:03,17625,TROPOMI-Sentinel-5P_L2-TROPOMAER_2021m0308t161129-o17625_v01-2021m1224t041734.nc, 2999,  26, 0.29, 1.92, 0.27,125, 1.65, 0.56, 15
2021-03-08 18:14:33,17626,TROPOMI-Sentinel-5P_L2-TROPOMAER_2021m0308t175259-o17626_v01-2021m1224t041734.nc, 2895, 415, 0.82, 2.31, 0.35,127, 2.26, 0.86,  7
2021-03-13 16:39:59,17696,TROPOMI-Sentinel-5P_L2-TROPOMAER_2021m0313t161824-o17696_v01-2021m1224t143202.nc, 2944,  37, 0.83, 2.13, 0.16,117, 2.11, 0.81, 30
2021-03-13 18:21:29,17697,TROPOMI-Sentinel-5P_L2-TROPOMAER_2021m0313t175955-o17697_v01-2021m1224t143123.nc, 2853, 426, 1.86, 1.41, 0.25, 62, 1.41, 0.25,  1
2021-03-14 16:21:04,17710,TROPOMI-Sentinel-5P_L2-TROPOMAER_2021m0314t155929-o17710_v01-2021m1224t112106.nc, 2974,   0, 1.42, 1.74, 0.14,115, 1.34, 0.42, 54
2021-03-15 17:43:39,17725,TROPOMI-Sentinel-5P_L2-TROPOMAER_2021m0315t172205-o17725_v01-2021m1224t161026.nc, 2843, 309, 0.73, 1.54, 0.57, 80, 1.54, 0.57,  1
2021-03-19 18:09:30,17782,TROPOMI-Sentinel-5P_L2-TROPOMAER_2021m0319t174756-o17782_v01-2021m1224t190914.nc, 2800, 401, 0.75, 2.49, 0.26, 96, 2.44, 0.70,  8
2021-03-27 17:19:40,17895,TROPOMI-Sentinel-5P_L2-TROPOMAER_2021m0327t165806-o17895_v01-2021m1225t114705.nc, 2763, 168, 0.06, 2.92, 0.07, 95, 2.90, 0.41, 39
2021-03-29 16:41:51,17923,TROPOMI-Sentinel-5P_L2-TROPOMAER_2021m0329t162016-o17923_v01-2021m1225t144701.nc, 2806,  37,-0.10, 2.93, 0.22,105, 2.81, 1.06, 57
2021-03-29 18:23:21,17924,TROPOMI-Sentinel-5P_L2-TROPOMAER_2021m0329t180147-o17924_v01-2021m1225t151716.nc, 2714, 426, 0.87, 3.25, 0.70,145, 2.41, 1.05, 14
2021-03-30 18:04:26,17938,TROPOMI-Sentinel-5P_L2-TROPOMAER_2021m0330t174252-o17938_v01-2021m1225t123406.nc, 2707, 384, 0.96, 1.73, 0.08,117, 1.64, 0.54, 60
2021-04-03 16:48:46,17994,TROPOMI-Sentinel-5P_L2-TROPOMAER_2021m0403t162711-o17994_v01-2022m0102t110744.nc, 2752,  50, 0.55, 2.35, 0.11,117, 2.29, 0.59, 31
2021-04-07 17:14:34,18051,TROPOMI-Sentinel-5P_L2-TROPOMAER_2021m0407t165300-o18051_v01-2021m1226t044826.nc, 2678, 136,-0.29, 1.77, 0.09, 97, 1.70, 0.21, 18
2021-04-18 17:09:23,18207,TROPOMI-Sentinel-5P_L2-TROPOMAER_2021m0418t164749-o18207_v01-2021m1226t205617.nc, 2600, 108, 0.07, 1.86, 0.15,105, 1.83, 0.53, 14
2021-04-20 16:31:31,18235,TROPOMI-Sentinel-5P_L2-TROPOMAER_2021m0420t160957-o18235_v01-2021m1226t224513.nc, 2655,  13, 0.13, 1.96, 0.06,109, 1.95, 0.33, 50
2021-04-23 17:16:13,18278,TROPOMI-Sentinel-5P_L2-TROPOMAER_2021m0423t165439-o18278_v01-2021m1227t024408.nc, 2555, 135, 0.11, 1.44, 0.07,105, 1.36, 0.32, 44
2021-04-26 18:00:54,18321,TROPOMI-Sentinel-5P_L2-TROPOMAER_2021m0426t173920-o18321_v01-2021m1227t070353.nc, 2497, 362, 0.54, 2.34, 0.10,119, 2.17, 0.51, 59
2021-04-27 17:41:57,18335,TROPOMI-Sentinel-5P_L2-TROPOMAER_2021m0427t172023-o18335_v01-2021m1227t082351.nc, 2500, 274, 0.20, 2.17, 0.06, 94, 2.17, 0.32, 31
2021-04-28 17:23:01,18349,TROPOMI-Sentinel-5P_L2-TROPOMAER_2021m0428t170126-o18349_v01-2021m1227t094858.nc, 2512, 167, 0.15, 2.63, 0.41, 83, 2.63, 0.41,  1
2021-05-10 16:58:33,18519,TROPOMI-Sentinel-5P_L2-TROPOMAER_2021m0510t163659-o18519_v01-2021m1228t013759.nc, 2480,  65,-0.03, 2.23, 0.15,106, 2.18, 0.59, 24
2021-06-04 17:31:23,18874,TROPOMI-Sentinel-5P_L2-TROPOMAER_2021m0604t170949-o18874_v01-2021m1229t024647.nc, 2341, 199,-0.28, 1.99, 0.24, 79, 1.99, 0.55,  5
2021-06-16 17:06:05,19044,TROPOMI-Sentinel-5P_L2-TROPOMAER_2021m0616t164432-o19044_v01-2021m1229t175353.nc, 2363,  82,-0.02, 2.43, 0.16,117, 2.28, 0.59, 17
2021-06-17 16:47:04,19058,TROPOMI-Sentinel-5P_L2-TROPOMAER_2021m0617t162529-o19058_v01-2021m1229t160642.nc, 2396,  35, 0.19, 2.11, 0.11,117, 1.90, 0.47, 46
2021-06-23 16:34:18,19143,TROPOMI-Sentinel-5P_L2-TROPOMAER_2021m0623t161244-o19143_v01-2021m1230t011812.nc, 2423,  11, 0.03, 1.79, 0.06,106, 1.66, 0.36, 57
2021-06-25 17:37:44,19172,TROPOMI-Sentinel-5P_L2-TROPOMAER_2021m0625t171609-o19172_v01-2021m1230t042115.nc, 2323, 235, 0.26, 1.14, 0.11, 72, 1.14, 0.22,  4
2021-07-10 17:56:27,19385,TROPOMI-Sentinel-5P_L2-TROPOMAER_2021m0710t173453-o19385_v01-2022m0610t072232.nc, 2339, 334, 0.79, 1.69, 0.31, 70, 1.69, 0.31,  1
2021-07-19 18:27:47,19513,TROPOMI-Sentinel-5P_L2-TROPOMAER_2021m0719t180613-o19513_v01-2022m0610t185920.nc, 2366, 425, 1.57, 1.36, 0.07, 44, 1.36, 0.10,  2
2021-07-23 17:11:28,19569,TROPOMI-Sentinel-5P_L2-TROPOMAER_2021m0723t164954-o19569_v01-2022m0610t234259.nc, 2430, 105,-0.24, 2.11, 0.03, 73, 2.11, 0.16, 34
2021-08-02 17:23:32,19711,TROPOMI-Sentinel-5P_L2-TROPOMAER_2021m0802t170158-o19711_v01-2022m0611t142337.nc, 2459, 163, 0.11, 1.89, 0.18, 92, 1.34, 0.18,  7
2021-08-04 16:45:21,19739,TROPOMI-Sentinel-5P_L2-TROPOMAER_2021m0804t162346-o19739_v01-2022m0611t165643.nc, 2531,  35,-0.38, 1.72, 0.08, 50, 1.72, 0.18,  6
2021-08-04 18:26:51,19740,TROPOMI-Sentinel-5P_L2-TROPOMAER_2021m0804t180516-o19740_v01-2022m0611t171842.nc, 2439, 425, 0.62, 2.85, 0.08, 97, 2.81, 0.39, 25
2021-08-05 18:07:44,19754,TROPOMI-Sentinel-5P_L2-TROPOMAER_2021m0805t174610-o19754_v01-2022m0611t183145.nc, 2444, 381, 0.27, 1.79, 0.21, 81, 1.79, 0.29,  2
2021-08-08 17:10:25,19796,TROPOMI-Sentinel-5P_L2-TROPOMAER_2021m0808t164851-o19796_v01-2022m0611t223320.nc, 2510, 105,-0.18, 2.62, 0.08,106, 2.58, 0.47, 47
2021-08-13 17:16:23,19867,TROPOMI-Sentinel-5P_L2-TROPOMAER_2021m0813t165449-o19867_v01-2022m0612t052032.nc, 2529, 132,-0.40, 2.01, 0.07, 82, 2.00, 0.24, 11
2021-08-24 17:09:06,20023,TROPOMI-Sentinel-5P_L2-TROPOMAER_2021m0824t164731-o20023_v01-2022m0612t212026.nc, 2609, 105,-0.19, 1.84, 0.03, 95, 1.82, 0.21, 60
2021-08-25 16:49:58,20037,TROPOMI-Sentinel-5P_L2-TROPOMAER_2021m0825t162824-o20037_v01-2022m0612t225253.nc, 2649,  48, 0.13, 1.49, 0.03, 83, 1.47, 0.13, 32
2021-08-26 16:30:51,20051,TROPOMI-Sentinel-5P_L2-TROPOMAER_2021m0826t160916-o20051_v01-2022m0613t000334.nc, 2693,  11, 0.49, 1.34, 0.04, 72, 1.32, 0.10,  9
2021-08-27 17:53:13,20066,TROPOMI-Sentinel-5P_L2-TROPOMAER_2021m0827t173138-o20066_v01-2022m0613t020150.nc, 2586, 334, 0.64, 1.48, 0.12, 70, 1.48, 0.12,  1
2021-09-02 17:39:57,20151,TROPOMI-Sentinel-5P_L2-TROPOMAER_2021m0902t171822-o20151_v01-2022m0613t103503.nc, 2636, 271, 0.16, 1.37, 0.08, 88, 1.14, 0.22, 48
2021-09-03 17:20:48,20165,TROPOMI-Sentinel-5P_L2-TROPOMAER_2021m0903t165914-o20165_v01-2022m0613t122702.nc, 2663, 163,-0.14, 2.84, 0.11,116, 2.76, 0.62, 39
2021-09-04 17:01:41,20179,TROPOMI-Sentinel-5P_L2-TROPOMAER_2021m0904t164007-o20179_v01-2022m0613t140554.nc, 2698,  82,-0.20, 0.83, 0.03, 38, 0.82, 0.10, 13
2021-09-06 18:04:55,20208,TROPOMI-Sentinel-5P_L2-TROPOMAER_2021m0906t174320-o20208_v01-2022m0613t162749.nc, 2655, 381, 0.30, 1.60, 0.13,122, 1.33, 0.32, 60
2021-09-07 17:45:47,20222,TROPOMI-Sentinel-5P_L2-TROPOMAER_2021m0907t172412-o20222_v01-2022m0613t174708.nc, 2669, 304,-0.17, 1.58, 0.09, 92, 1.58, 0.23,  6
2021-09-08 17:26:39,20236,TROPOMI-Sentinel-5P_L2-TROPOMAER_2021m0908t170504-o20236_v01-2022m0613t190202.nc, 2693, 198,-0.39, 1.41, 0.08,104, 1.21, 0.25, 60
2021-09-11 16:29:15,20278,TROPOMI-Sentinel-5P_L2-TROPOMAER_2021m0911t160740-o20278_v01-2022m0613t235413.nc, 2810,  11, 0.46, 2.93, 0.06,106, 2.83, 0.31, 30
2021-09-12 17:51:35,20293,TROPOMI-Sentinel-5P_L2-TROPOMAER_2021m0912t173001-o20293_v01-2022m0614t015107.nc, 2705, 334, 1.14, 2.86, 0.02, 84, 2.86, 0.15, 56
2021-09-13 17:32:28,20307,TROPOMI-Sentinel-5P_L2-TROPOMAER_2021m0913t171053-o20307_v01-2022m0614t024846.nc, 2725, 234, 0.32, 2.45, 0.02, 84, 2.45, 0.17, 50
2021-09-15 16:54:11,20335,TROPOMI-Sentinel-5P_L2-TROPOMAER_2021m0915t163237-o20335_v01-2022m0614t063736.nc, 2792,  63, 0.07, 2.02, 0.07,103, 1.96, 0.21, 60
2021-09-20 16:59:59,20406,TROPOMI-Sentinel-5P_L2-TROPOMAER_2021m0920t163824-o20406_v01-2022m0614t141055.nc, 2822,  82,-0.35, 1.25, 0.07, 94, 1.25, 0.24, 14
2021-09-24 17:24:55,20463,TROPOMI-Sentinel-5P_L2-TROPOMAER_2021m0924t170321-o20463_v01-2022m0614t202145.nc, 2820, 198,-0.12, 1.74, 0.34,116, 1.38, 0.60, 22
2021-09-25 17:05:47,20477,TROPOMI-Sentinel-5P_L2-TROPOMAER_2021m0925t164413-o20477_v01-2022m0614t215649.nc, 2854, 105,-0.41, 1.04, 0.09, 75, 0.96, 0.22, 40
2021-09-26 16:46:39,20491,TROPOMI-Sentinel-5P_L2-TROPOMAER_2021m0926t162505-o20491_v01-2022m0614t234358.nc, 2894,  48, 0.37, 2.14, 0.48,134, 1.46, 0.52, 10
2021-09-26 18:28:09,20492,TROPOMI-Sentinel-5P_L2-TROPOMAER_2021m0926t180634-o20492_v01-2022m0614t234807.nc, 2814, 439, 0.74, 1.61, 0.14,126, 1.50, 0.46, 50
2021-09-27 16:27:31,20505,TROPOMI-Sentinel-5P_L2-TROPOMAER_2021m0927t160557-o20505_v01-2022m0615t030706.nc, 2940,  11, 0.55, 2.33, 0.21,128, 2.30, 0.73, 13
2021-09-27 18:09:00,20506,TROPOMI-Sentinel-5P_L2-TROPOMAER_2021m0927t174726-o20506_v01-2022m0615t022749.nc, 2822, 399, 0.83, 1.61, 0.08,117, 1.46, 0.39, 44
2021-09-29 17:30:45,20534,TROPOMI-Sentinel-5P_L2-TROPOMAER_2021m0929t170910-o20534_v01-2022m0615t050004.nc, 2854, 234, 0.35, 2.11, 0.10,128, 2.01, 0.58, 52
2021-10-01 16:52:28,20562,TROPOMI-Sentinel-5P_L2-TROPOMAER_2021m1001t163054-o20562_v01-2022m0615t082605.nc, 2923,  63, 0.41, 1.70, 0.18,126, 1.52, 0.59, 55
2021-10-02 16:33:20,20576,TROPOMI-Sentinel-5P_L2-TROPOMAER_2021m1002t161146-o20576_v01-2022m0615t111645.nc, 2968,  25, 0.26, 1.13, 0.08,120, 0.95, 0.30, 60
2021-10-02 18:14:50,20577,TROPOMI-Sentinel-5P_L2-TROPOMAER_2021m1002t175315-o20577_v01-2022m0615t114413.nc, 2862, 413, 0.83, 1.29, 0.12,126, 0.99, 0.28, 56
2021-10-03 17:55:42,20591,TROPOMI-Sentinel-5P_L2-TROPOMAER_2021m1003t173407-o20591_v01-2022m0615t124645.nc, 2873, 360, 0.45, 1.50, 0.07,114, 1.44, 0.24, 60
2021-10-04 17:36:34,20605,TROPOMI-Sentinel-5P_L2-TROPOMAER_2021m1004t171459-o20605_v01-2022m0615t144806.nc, 2891, 271, 0.42, 0.71, 0.03, 16, 0.71, 0.06,  5
2021-10-14 17:48:11,20747,TROPOMI-Sentinel-5P_L2-TROPOMAER_2021m1014t172637-o20747_v01-2022m0616t084243.nc, 2966, 334, 0.69, 0.73, 0.02, 17, 0.73, 0.04,  6
2021-10-15 17:29:03,20761,TROPOMI-Sentinel-5P_L2-TROPOMAER_2021m1015t170729-o20761_v01-2022m0616t105533.nc, 2987, 235, 0.09, 1.63, 0.18,114, 1.39, 0.28,  5
2021-10-19 17:54:01,20818,TROPOMI-Sentinel-5P_L2-TROPOMAER_2021m1019t173226-o20818_v01-2022m0616t175113.nc, 3004, 360, 1.00, 1.90, 0.12,138, 1.75, 0.62, 51
2021-10-20 17:34:52,20832,TROPOMI-Sentinel-5P_L2-TROPOMAER_2021m1020t171318-o20832_v01-2022m0616t194213.nc, 3023, 271, 0.35, 1.49, 0.13,139, 1.27, 0.52, 46
2021-10-21 17:15:44,20846,TROPOMI-Sentinel-5P_L2-TROPOMAER_2021m1021t165410-o20846_v01-2022m0616t211128.nc, 3049, 163, 0.45, 1.76, 0.31,133, 1.49, 0.50, 60
2021-10-22 16:56:36,20860,TROPOMI-Sentinel-5P_L2-TROPOMAER_2021m1022t163502-o20860_v01-2022m0616t233158.nc, 3085,  82,-0.01, 2.12, 0.49,124, 1.75, 0.42, 12
2021-10-27 17:02:28,20931,TROPOMI-Sentinel-5P_L2-TROPOMAER_2021m1027t164053-o20931_v01-2022m0617t041427.nc, 3113, 105, 0.35, 1.80, 0.47,126, 1.17, 0.68, 21
2021-11-01 17:08:19,21002,TROPOMI-Sentinel-5P_L2-TROPOMAER_2021m1101t164645-o21002_v01-2022m0617t182854.nc, 3141, 132, 0.84, 1.65, 0.42,111, 1.60, 0.80,  5
2021-11-03 16:30:04,21030,TROPOMI-Sentinel-5P_L2-TROPOMAER_2021m1103t160830-o21030_v01-2022m0617t221927.nc, 3222,  25, 1.17, 1.78, 0.19,117, 1.64, 0.72, 19
2021-11-03 18:11:34,21031,TROPOMI-Sentinel-5P_L2-TROPOMAER_2021m1103t174959-o21031_v01-2022m0617t221008.nc, 3117, 413, 1.55, 1.64, 0.18,108, 1.24, 0.62, 26
2021-11-05 17:33:20,21059,TROPOMI-Sentinel-5P_L2-TROPOMAER_2021m1105t171145-o21059_v01-2022m0618t010723.nc, 3142, 271, 0.81, 1.53, 0.22,101, 1.44, 0.54,  8
2021-11-06 17:14:13,21073,TROPOMI-Sentinel-5P_L2-TROPOMAER_2021m1106t165238-o21073_v01-2022m0618t044129.nc, 3167, 163, 0.58, 0.92, 0.12, 78, 0.89, 0.41, 15
2021-11-08 16:35:58,21101,TROPOMI-Sentinel-5P_L2-TROPOMAER_2021m1108t161424-o21101_v01-2022m0618t060650.nc, 3244,  35, 1.08, 1.10, 0.42, 96, 0.99, 0.57,  3
2021-11-08 18:17:28,21102,TROPOMI-Sentinel-5P_L2-TROPOMAER_2021m1108t175554-o21102_v01-2022m0618t063417.nc, 3151, 425, 1.32, 1.38, 0.22,110, 1.33, 0.70, 13
2021-11-09 17:58:21,21116,TROPOMI-Sentinel-5P_L2-TROPOMAER_2021m1109t173647-o21116_v01-2022m0618t075703.nc, 3158, 381, 1.34, 1.12, 0.18,105, 0.92, 0.58, 26
2021-11-10 17:39:14,21130,TROPOMI-Sentinel-5P_L2-TROPOMAER_2021m1110t171740-o21130_v01-2022m0618t095132.nc, 3172, 305, 0.99, 1.15, 0.15,124, 1.04, 0.32, 60
2021-11-16 17:26:06,21215,TROPOMI-Sentinel-5P_L2-TROPOMAER_2021m1116t170431-o21215_v01-2022m0618t193327.nc, 3216, 234, 1.02, 1.46, 0.29,118, 1.13, 0.59, 59
2021-11-17 17:06:59,21229,TROPOMI-Sentinel-5P_L2-TROPOMAER_2021m1117t164525-o21229_v01-2022m0618t212513.nc, 3244, 132, 0.70, 1.32, 0.06,126, 1.18, 0.26, 60
2021-11-18 16:47:53,21243,TROPOMI-Sentinel-5P_L2-TROPOMAER_2021m1118t162619-o21243_v01-2022m0618t225219.nc, 3279,  63, 1.27, 1.39, 0.18,132, 1.09, 0.54, 34
2021-11-19 16:28:47,21257,TROPOMI-Sentinel-5P_L2-TROPOMAER_2021m1119t160713-o21257_v01-2022m0619t020941.nc, 3321,  25, 1.21, 1.31, 0.23,115, 1.10, 0.47, 51
2021-11-19 18:10:17,21258,TROPOMI-Sentinel-5P_L2-TROPOMAER_2021m1119t174842-o21258_v01-2022m0619t021133.nc, 3216, 413, 1.29, 1.42, 0.16,129, 1.00, 0.46, 58
2021-11-23 16:53:55,21314,TROPOMI-Sentinel-5P_L2-TROPOMAER_2021m1123t163221-o21314_v01-2022m0619t083032.nc, 3294,  82, 0.85, 1.45, 0.18,132, 1.06, 0.51, 49
2021-11-24 16:34:50,21328,TROPOMI-Sentinel-5P_L2-TROPOMAER_2021m1124t161316-o21328_v01-2022m0619t100225.nc, 3333,  35, 1.16, 1.06, 0.14,128, 0.89, 0.48, 54
2021-11-24 18:16:19,21329,TROPOMI-Sentinel-5P_L2-TROPOMAER_2021m1124t175445-o21329_v01-2022m0619t103417.nc, 3241, 424, 1.55, 0.96, 0.14,119, 0.73, 0.31, 60
2021-11-26 17:38:09,21357,TROPOMI-Sentinel-5P_L2-TROPOMAER_2021m1126t171635-o21357_v01-2022m0619t125514.nc, 3257, 304, 1.23, 1.26, 0.18, 81, 1.23, 0.45,  8
2021-11-27 17:19:03,21371,TROPOMI-Sentinel-5P_L2-TROPOMAER_2021m1127t165731-o21371_v01-2022m0619t165508.nc, 3278, 198, 0.85, 1.53, 0.13,129, 1.30, 0.61, 49
2021-11-28 16:59:59,21385,TROPOMI-Sentinel-5P_L2-TROPOMAER_2021m1128t163826-o21385_v01-2022m0619t191656.nc, 3307, 105, 0.63, 1.72, 0.29,133, 1.12, 0.40, 27
2021-12-01 17:44:17,21428,TROPOMI-Sentinel-5P_L2-TROPOMAER_2021m1201t172243-o21428_v01-2022m0620t004422.nc, 3272, 334, 1.12, 1.06, 0.13, 19, 0.86, 0.25,  6
2021-12-04 16:47:05,21470,TROPOMI-Sentinel-5P_L2-TROPOMAER_2021m1204t162531-o21470_v01-2022m0620t054029.nc, 3347,  63, 1.12, 1.20, 0.06, 88, 1.14, 0.19, 47
2021-12-06 17:50:28,21499,TROPOMI-Sentinel-5P_L2-TROPOMAER_2021m1206t172854-o21499_v01-2022m0620t095041.nc, 3284, 360, 1.61, 0.79, 0.06, 47, 0.78, 0.10,  3
2021-12-12 17:37:40,21584,TROPOMI-Sentinel-5P_L2-TROPOMAER_2021m1212t171605-o21584_v01-2022m0620t163043.nc, 3301, 305, 1.40, 2.30, 0.71, 99, 2.30, 0.98,  2
2021-12-15 16:40:33,21626,TROPOMI-Sentinel-5P_L2-TROPOMAER_2021m1215t161858-o21626_v01-2022m0621t000256.nc, 3378,  48, 1.73, 0.90, 0.30, 84, 0.65, 0.12,  7
2021-12-15 18:22:02,21627,TROPOMI-Sentinel-5P_L2-TROPOMAER_2021m1215t180028-o21627_v01-2022m0621t000245.nc, 3300, 440, 2.00, 0.63, 0.05, 23, 0.62, 0.08,  4
2021-12-16 16:21:30,21640,TROPOMI-Sentinel-5P_L2-TROPOMAER_2021m1216t155956-o21640_v01-2022m0621t010622.nc, 3416,  12, 1.25, 1.50, 0.21,117, 1.47, 0.76, 17
2021-12-22 17:50:19,21726,TROPOMI-Sentinel-5P_L2-TROPOMAER_2021m1222t172846-o21726_v01-2022m0621t121655.nc, 3303, 361, 1.46, 1.36, 0.17,147, 1.05, 0.47, 56
2021-12-23 17:31:19,21740,TROPOMI-Sentinel-5P_L2-TROPOMAER_2021m1223t170944-o21740_v01-2022m0621t141823.nc, 3312, 273, 1.13, 1.15, 0.14,108, 0.90, 0.36, 53
